{
  "decision-interval-ms": 6000,
  "hostname": "174.138.6.215",
  "network-path": "healthlogs",
  "port": 4453,
  "repeat-send-health": true,
  "rethinkdb-host": "rethink",
  "scaling-deciders": [
    "advanced-cpu-decider"
  ],
  "included-files": [
    "/secrets/secrets.json",
    "/secrets/digital-ocean-secrets.json",
    "/secrets/flavors.json"
  ],
  "scaling-policy": "container-only",
  "send-health-interval-ms": 3000,
  "update-cooldown-ms": 120000,
  "digital-ocean-vm-size": "s-16vcpu-64gb"
}
