{
  "decision-interval-ms": 6000,
  "health-decay-time-ms": 60000,
  "rebalance-cooldown-ms": 60000,
  "hostname": "142.93.133.205",
  "network-path": "healthlogs",
  "port": 4453,
  "repeat-send-health": true,
  "rethinkdb-host": "rethink",
  "scaling-deciders": [
    "advanced-cpu-decider"
  ],
  "included-files": [
    "/secrets/secrets.json",
    "/secrets/digital-ocean-secrets.json",
    "/secrets/flavors.json",
    "/secrets/docker.json"
  ],
  "scaling-policy": "vm-only",
  "send-health-interval-ms": 3000,
  "update-cooldown-ms": 180000,
  "container-update-cooldown-ms": 20000,
  "digital-ocean-vm-size": "s-1vcpu-1gb"
}
